[
    {
        "id": 0,
        "season": "PRESEASON 3"
    },
    {
        "id": 1,
        "season": "SEASON 3"
    },
    {
        "id": 2,
        "season": "PRESEASON 2014"
    },
    {
        "id": 3,
        "season": "SEASON 2014"
    },
    {
        "id": 4,
        "season": "PRESEASON 2015"
    },
    {
        "id": 5,
        "season": "SEASON 2015"
    },
    {
        "id": 6,
        "season": "PRESEASON 2016"
    },
    {
        "id": 7,
        "season": "SEASON 2016"
    },
    {
        "id": 8,
        "season": "PRESEASON 2017"
    },
    {
        "id": 9,
        "season": "SEASON 2017"
    },
    {
        "id": 10,
        "season": "PRESEASON 2018"
    },
    { 
        "id": 11,
        "season": "SEASON 2018"
    },
    { 
        "id": 12,
        "season": "PRESEASON 2019"
    },
    { 
        "id": 13,
        "season": "SEASON 2019"
    }
]